password,strength
kzde5577,1
kino3434,1
visi7k1yr,1
megzy123,1
lamborghin1,1
AVYq1lDE4MgAZfNt,2
u6c8vhow,1
v1118714,1
universe2908,1
as326159,1
asv5o9yu,1
612035180tok,1
jytifok873,1
WUt9IZzE0OQ7PkNE,2
jerusalem393,1
g067057895,1
52558000aaa,1
idofo673,1
6975038lp,1
sbl571017,1
elyass15@ajilent-ci,2
intel1,0
klara-tershina3H,2
czuodhj972,1
faranumar91,1
cigicigi123,1
0169395484a,1
schalke04,1
prisonbreak1,1
asgaliu11,1
gaymaids1,1
trabajonet9,1
go7kew7a2po,1
fk9qi21m,1
memjan123,1
lsdlsd1,0
exitos2009,1
fahad123,1
kswa2mrv,1
yitbos77,1
juliel009,1
pHyqueDIyNQ8vmhb,2
alimagik1,1
yqugu927,1
olmaz.,0
hpqkoxsn5,1
a2531106,1
TyWM72UNEex8Q8Y,2
ejeko677,1
openup12,1
ok>bdk,0
tamanagung6,1
c3h8bkzr,1
patri1973,1
yk530mg8,1
bozoxik602,1
calcifer32,1
b4NbTxDEyNgG141J,2
d04m11,0
matiofox08,1
khmer100.03278&?><Mnb,2
sknq7m0,0
snolyuj04,1
kjkjkj1,0
bgrvl80,0
Iamthelegend1!,2
il0vey0u,1
obstacle25,1
rntprns7,1
gdfn76,0
mickael12,1
cesarmaio1,1
juliana19,1
kunyukbabi69,1
hodygid757,1
ga98SIzk0NwhiZaE,2
283671gus,1
jalingo1,1
p2share,0
k9b8cz6aj2,1
gill02,0
j09000,0
2021848709,1
hayhayq2,1
yllime123,1
3vszncp4,1
123477889a,1
12345yolanda,1
woon12,0
929865yt,1
jonothepoop1,1
838188linh,1
kVczcljg4OA25Aeb,2
k1k2k3k4k5k6,1
poseidon2011,1
s4m2dx9e6,1
xiau5ff,0
ns2b0727,1
mmm23mm,0
gkrqjs6,0
ikanez886,1
746xitEGiqObog,2
oekojWyH120063,2
RqsuUsDYxNgr8T40,2
xyws951753,1
elonex24,1
jalal123456,1
6tequila6,1
yu4cmn,0
ass359,0
icap12,0
2akira2,0
znbl5tj1,1
123maxbala,1
64959rodro,1
moken7,0
teemteem97,1
aquhih220,1
zoobike04,1
farrukhcse12,1
pato221182,1
10Erjrlmebup0n,2
pikey231,1
z3ro1sm,0
portales1,1
jUV4dSDQwNwPpA36,2
fnmsdha476,1
g3rappa,0
rogyh820,1
sanki1,0
20Dgw7TQ0OQVdly7,2
ldteugao6,1
2yz4ewwg,1
www32223222,1
yuri110995,1
1972vishara,1
warriors08,1
vehat387,1
3y6iwef2g6,1
RPFUOUDQwMwVW0AS,2
w9209640,1
5gzj5uf,0
kinga22,0
nicolas05,1
26522876p,1
barra23,0
147963asd,1
123net123,1
s9830950044,1
denise18,1
2010server,1
p@sslng2diword,2
tin030201,1
yut0838828185,1
2fakjv,0
mazdarx7,1
omakiva153,1
alchimie79,1
potatobus150,1
damyvo114,1
teste10,0
afs34214,1
mohantra1,1
igejasy712,1
IjUcOtYqAwel725,2
wisal1234,1
meopvywk628,1
0870330135a,1
sarahi1628,1
ekufite742,1
polo2014,1
peluchin4,1
ginger972,1
demon10,0
tia150979,1
s0xwym7h,1
puegwajy416,1
a0972986650,1
x8512514,1
qn5xpg3k00,1
finisterra1,1
ebacuro434,1
4osxw4r,0
nello11,0
sasuke4,0
z888888,0
marita1,0
kayal123,1
zgmfnwuq25,1
wxS2ztDk4OATjBfI,2
njmania114,1
z7zbgIDkzMQeHUd9,2
gandhi8513,1
20010509wang,1
wibi182d,1
v10rica,0
change201,1
4fqa52vecr,1
gozv3e5,0
taurofive16,1
q0pv0fk,0
215466kenyi,1
159951josh,1
cockw0mble,1
barboza221294,1
meriton23,1
robot425,1
kikeq102,1
ubojig109,1
okn9zp9o,1
mike09,0
metopelo1623,1
vgnfs495vp,1
tomas7896,1
tucagu356,1
nK0yKXTU0NQHZE2e,2
owote852,1
X9WVojjE4MgVAIiR,2
franczuk33,1
XqMB7vDMzOQocAFV,2
planes123,1
bellsuki1,1
samael666,1
koabcswzt3,1
pablo321159,1
7942vikas,1
edcmki90,1
uxyloga692,1
virush1n1,1
kyxvufl37,1
atigi839,1
gtlek,0
roxana1993,1
mustang337,1
caramelo9,1
bugatti01,1
frhnsvelhfr1,1
7mV0pKTA3MgHy8Jv,2
krumbul123,1
wycinu436,1
uou2dae,0
patty94,0
xW8-3w7-MFB-CKH,2
33kanun03,1
lrhxmevb620,1
colorado27,1
sbaUsoTA1OAzuevI,2
holamundo1,1
e667794c1d,1
kry1z9,0
rLLh4WDQ2OAWbDO5,2
djngeyut2707,1
kuntz80,0
moimoimoi9,1
witek1709,1
enziitoo1234,1
abizar08,1
shotiko18,1
hosna1368,1
ajyrew547,1
kenneth610,1
6yy6yy,0
ram@!sita15392,2
ts34a3fodh3i,1
a2486315,1
a03242241431a,1
a110804032,1
lzhzad1989,1
AS0130066,1
QWERTY0011,1
tahseen75,1
ycqtgdso3,1
y0unus,0
1katertje,1
1597535youssi,1
UF1Z2WjE5Mg26R1K,2
t8IkFRDIxMAFV2JW,2
bencike7,1
iwaguh884,1
isqizkg1,1
josue12,0
mario489800,1
hisnipes1,1
xlxlxl777,1
0112358mayin0,1
sydney213,1
saule123,1
juany57,0
vuqADUSatAJO800,2
DTUQG5jU5MwmR1L9,2
autan88,0
hqh2eYjQxOQPYIsA,2
yy4129,0
mathilde54550,1
den019520,1
3CgRg8DA1NQY1iEj,2
aslpls2009,1
llahetihw1,1
x0004534,1
balamuc123,1
xanyrum650,1
jEzZXUTE3MgJ4fVk,2
clave08,0
sysoja794,1
xp;ysmybst,1
d4xQ3LjUwMQFVCYQ,2
ppnyadam09,1
1234159hero,1
markama10,1
aosmaxd0,1
631ihOZogELoVap,2
pugceya468,1
hasan18,0
cdann123,1
khaled12,1
kP82iqDMxNgBMxBP,2
examy624,1
kitty555,1
clyioqzgw42,1
weicat12,1
wo9aiwangyan,1
han19660120,1
1qa2ws3ed4rf,1
YADHJIGSAWS11,1
khurram_,1
pazzini24,1
afavin964,1
zidadoh258,1
webstudio8,1
folashade1,1
07dpv1127b,1
yu86640132,1
1ngaymuadong,1
gerardway1,1
sebo82,0
sofietou74,1
krishna2,1
acetita478,1
2GnTStTE4Mw4MTwv,2
n501iomf,1
cUFUSYKIPuGo024,2
mayur@8netinfotech,2
terrassa6,1
nokia6020,1
beijing168,1
wuzyci421,1
IRZA98,0
123nicole,1
oatcake87,1
nLIGyhTU1NQTAp6u,2
just1n0k,1
oioo9og,0
aio42fv,0
sanjaime1,1
0VKWoODkwOAc0pZK,2
gvczfel801,1
ryjypes139,1
1qa2ws3ed4r,1
bang6k,0
kyodai666,1
fbjurcd961,1
deryxi704,1
matiz4533,1
buqodym199,1
vietnga92,1
sd6x9s3s,1
u03kz6ez,1
servbot88,1
laedbchsx687,1
Staterkom20081993,2
cristiano7,1
oscar69,0
senghong2009,1
VMjz4eTkxNAbOyUU,2
seller1,0
jr88072635,1
JEQuloqOFUd102,2
Oshity07142014,2
GGmm26120904..,2
elabadmin1386,1
lymuvop730,1
ninja420,1
4165000yakub,1
seng987321,1
desmondkok21,1
qefoquf1uf,1
64whbrb351,1
jbtcnd6,0
d6VyrkFV6oblxNs5N8cW,2
taulant123,1
yzxwvgbdu503,1
tukaxo486,1
cerner09,1
tim80327,1
lofebop480,1
kdl9cl53,1
ebogel225,1
asdasdf1,1
clave2013,1
xtswdypgh936,1
taiga0088,1
pekai2004,1
jsm159167,1
byeypb2,0
ixehawojEPe418,2
graciela2,1
sono11,0
kabrito1,1
ocadezi586,1
hlQ8gDTExMQWkeda,2
junaid5,0
gutergut599,1
rakag279,1
walterivl13,1
zjl0kx03,1
kah4544875,1
parent777,1
wasanun13,1
may112001,1
purpledog1992,1
spl51190595,1
novelia21,1
b98nwtpriyesh,1
parvizrus13,1
16731673ir,1
grazi0201,1
killer5,0
viri13,0
adminmao888,1
yhwbzci130,1
clumsy0619,1
poilkjmnb987,1
as8594505,1
sebax2013,1
bc5e4vca,1
rqmswof2llb0,1
password0880,1
xf6385494,1
studenko123,1
fudijep286,1
yami12,0
sandra0547,1
Ju6BIMTU0MwYXtL4,2
ypodahe201,1
sw10d014,1
legna13,0
19821010a,1
osimeytju12,1
we34dar88,1
galoucura1,1
oscar2002,1
amandine666,1
aslanmarco007,1
9950twofour0,1
asakapa22,1
kenyu001,1
mashhood_afzal21087,2
butisugo39,1
4lgYVfzk1MwuzHcn,2
control9,1
4TXr5KDYxNQVTo4g,2
19840510kkk1,1
101010hadis,1
pilatyj280,1
Scipio21152030067254,2
uziwocy148,1
ahibyg892,1
arigato3,1
1991vikash,1
j2yj2yj2y,1
qwekl12,0
pmcm110118008,1
248sUqiFEJuRag,2
qopybuxi2,1
yogesh143,1
fr8OClDY1MAdEhHa,2
eVl19ADIxNAmU09N,2
paladinas1,1
upomel180,1
h1h2h3h4h5,1
urban1,0
238wofutUtIGyf,2
zedika521,1
satelite31,1
2652033abc,1
paulino123,1
PEPITO00,1
rrilni1747,1
kXzWOozU2MQ1Jv1h,2
zcsntdmhe098,1
3f5xd41l0ik7,1
woaini0,0
lollies1989,1
woogee04,1
847XagYxUHUXOW,2
plumilla1,1
mussuh4,0
600eretz,1
mega0109,1
webhost08,1
05bumd,0
kevin24,0
nhfdff2512,1
princ3sa,1
eth36498,1
uoaef06gfqeb,1
p3rf3ct0,1
c1brb3lt,1
hola45,0
muoaqxwc21,1
vardhan19,1
synyxyr723,1
zu20081965,1
diarie1,0
lqksuym982,1
limichan99,1
mdaffandi74,1
josef0867,1
olyucskw52,1
Herzberg@ABBOTT33656888commerce,2
w1ll1ams,1
gpc151192,1
faisal213,1
nebunule2,1
amoadios321,1
ayles2266,1
matha81,0
2.86E+19,1
b9m7cxcgc,1
sergius1964,1
1justogax,1
acgyj188,1
X34y2CzY5MACs6kp,2
tspirits08,1
pedronha96,1
mark11,0
pastorius88,1
kukimuki123,1
keithar1,1
wearehis7,1
papasito1991,1
hello2104,1
sbnivetha123,1
whosdabest1,1
bjolgvhs69,1
lugerp08,1
1A2Z3E4R,1
jcav26,0
carla99,0
pass0port,1
itengf12,1
DRAGON25,1
groster152,1
01161590m,1
m4r4hne,0
123456ts,1
72o0yzekib4,1
coy29061994,1
overlord3127,1
avanakit72,1
Truelove19902610,2
popo0404,1
L2i2ZwTg1MQajeBm,2
raykuaz32,1
BsKbJHTY4NgesCOs,2
padhila30,1
rsuvxz08b,1
onurb1994,1
yjuqseb416,1
alhama11408,1
skoda06,0
taccy12,0
ezekiel720,1
23deagosto,1
stalucia66,1
cyborged69,1
ykfums1,0
iubat09,0
faqih82,0
jannia5,0
8g8x2su3,1
gedu1t1ah,1
jekkmoeder>,1
pacific52,1
ydd45ee,0
iacool99,1
azerty32,1
wbtdrieus345,1
kahcyxvj24,1
umetic21,1
diegote10,1
xve33ea,0
nhiannei040,1
2d0d7qfz,1
la3na4you,1
Jovan13lovekenthjusvan4ever,2
pxjwmeqyn5,1
macias2010,1
Zdyf0kjMzNQycqPx,2
ihana906,1
exusop649,1
aqyba894,1
pardalgg5,1
topgan22,1
030005qw,1
J0LcDWDc2NAVE8j3,2
52756652a,1
hotdog20,1
727nimdadre,1
keithcutlip99,1
cifinew817,1
jeeves123,1
j03l4ytr1,1
akucinta12,1
v1s2c3456,1
natalia12,1
zeitgeist1,1
xawipy995,1
zendegi2me,1
regodib479,1
5874813o,1
gohan2602,1
twil8x0,0
gracimir87,1
artom111478,1
BZVQZBTM1MApRV7s,2
jesmond26,1
7l1hu1xa,1
bghuyku37,1
gopal8420,1
wuzsadav933,1
numero2,0
patata91,1
iL1BEmTUyMg8YYbn,2
angelinajol52,1
poluxyj32,1
ilunia20,1
djda1203zj,1
bafiqkxwu0,1
uqilyni846,1
jorge1489,1
ci0n3exor,1
pr0f1s10,1
in595462,1
sha122511,1
RRaa--72783530081984,2
lovelory1,1
xzeyfbi495,1
deivid1991,1
ydkmujrze3,1
dK4dWOjM1OAPeisw,2
anon13,0
cribrot1200,1
x57669,0
luiskeko31,1
naseKoBUMIg295,2
pukiw102,1
koulapic33,1
alodise603,1
luthien123,1
hamqrc6,0
94311163nobp,1
hylefup708,1
maulana79,1
daaxvie1,1
azizi120583,1
tPGMkBjkyMg3hGzu,2
webhostv1t1n,1
123456rajput,1
growerz543,1
PSVkampioen2013,2
seeyouagain1,1
aziz098765,1
megdam55,1
MT766631,1
p0lp0l,0
julie1989,1
LypOJUfuLYrO477,2
1jancok,0
0847440744z,1
vestax25,1
1w2e3s4l5e6y,1
sun4shine76,1
failz0r,0
3clrcaevu7,1
utuham322,1
medebizu3,1
upyjlneg80,1
00J46LTAxMgME7C4,2
rogama69,1
vijay1995,1
o7ShLdTM0NAQRI7E,2
housefly74,1
goony01,0
vocal0619,1
pizxmwaos537,1
arum210684,1
vmdo3i,0
speedracer10,1
bambink182,1
evivad588,1
241189dumai,1
ab11223344,1
hodaq103,1
zb08110229,1
iprwxmfk84,1
jntjmh7,0
tot2531s,1
gkhan01,0
syjtdxlo81,1
v8porwar3,1
designer1206,1
090mca090,1
1k9izx,0
falre1524,1
IP1yaTDUzOQWAeI5,2
1ug2UKzQyMQBsleD,2
linhna288,1
satrjcrj6,1
ym2130104,1
nikolas369,1
000webhostcom,1
kate13,0
CabezaDePollo476,2
wjngzro27,1
mzhrmir786,1
kubafu77,1
pacman23,1
1245386fj,1
owary200,1
tuto0378,1
uzifyc502,1
l4torr3,0
ufoduvo540,1
sgtg5fq,0
yv3hpf,0
69556236gu,1
mtvwyz001,1
hide68,0
mialr325,1
islamasma12,1
bagdas2011,1
nndcvf1,0
ukyzopi369,1
000martin,1
a1233210,1
zoblin80,1
sqsn7a9,0
0123one47,1
guliotth82,1
smart95,0
elperro1,1
labarge1,1
mndzbqkv651,1
emufat882,1
trust123,1
yeko69,0
210496av,1
karl88,0
kciseba24521,1
27121995qw,1
afan520307,1
pap0spep0s,1
jbiz04h4,1
aan2900220,1
tiga33,0
RJXDk1zEyMwpyq0U,2
ilonu497,1
shH3t7TcyOQwKRLt,2
ineedyou23,1
gerylyx688,1
jj46azbo,1
berserk18,1
w1e2s3l4,1
korea2010,1
hot622204,1
darza6534,1
xie635891,1
midgeman8505,1
up8444,0
lancelot07,1
olumide1,1
4XakB8TkzOQWCS7Y,2
tollak123,1
herherher1,1
apther1940,1
adfbwrnt4,1
ixohupo747,1
1907sedat58,1
samemene@sm,1
mehmet4524572,1
Zanekurosak10%,2
jl440033,1
ewvjbilan4,1
hard7ware,1
jose30209,1
9h7v4z91,1
komorek11,1
gonzalez1559,1
YanH2kzgxMw1AsXA,2
123456789YO,1
juliana00,1
brokensong54,1
aa123000,1
paola1995,1
technofolle95,1
kaiden12,1
krowka18,1
sony18,0
peter04,0
jfk490giwb,1
copyfile09,1
mel008,0
juanito00,1
763EBFC5,1
jules2109,1
ivanxl33t010,1
BB11227122,1
mosad999,1
gjm666,0
8521901bzk,1
ziKYRyqewaxE717,2
yhigkenj5,1
daylit9,0
123linux,1
3rambywople,1
uuuu123,0
0lELoCDI1NAy8u7D,2
irivur594,1
ashaii12,1
029992546sj,1
ravens11,1
patrisa84,1
frenchtoast42,1
jgsxkcp639,1
willboss13,1
sabrina123,1
ras996633,1
r0cker,0
68a2445667,1
h3ndr4,0
nelva20,0
zeeshanbhai1,1
xx18121982,1
persian13223,1
12rabialawwal,1
cc71797805,1
12345687vini,1
shooting1965j,1
eeae14li,1
adriana1,1
lancer319,1
uvazyd135,1
1994kerr1994,1
ic8i6ac,0
chuno8704,1
kong0074,1
paul2007,1
oslicek00,1
orysex325,1
1satguru1,1
webhost0hm000,1
demanet147,1
orejuby808,1
bb9530,0
17.10.08,1
kashyn777,1
ts02521712,1
yilmaz070,1
joy112495,1
sex1353245,1
mytechoceann1,1
chiefwanker1,1
owataantena1,1
calung2007,1
szdectoj2,1
123charger,1
akfrdma813,1
savas123x,1
vertikal12,1
mxvurqyws5,1
hpw1907v,1
eqomu958,1
sucupi516,1
6U3xJzDE3Nggz3L1,2
igoj0w740luj,1
caitianci33,1
xknagqo92,1
meena25,0
ebuchkakat1,1
djawl1228,1
paws1111,1
lucky7777,1
creeped12,1
yudhia30,1
cacat123,1
biologie1998,1
cztPECjY2MQGFxnN,2
gombo8,0
SLAEgyTk0OQxphJq,2
q4Ger4OX7S2GZ3,2
paynu4pzwzw11,1
aliki123,1
ilyas789,1
mikrochip0,1
orzwnyj91,1
blackjack14,1
cotezun996,1
cxZLmFDYwNA1lUK9,2
klister1,1
jeckericek24,1
ZZw5HCjQ4OAt0AmE,2
jkprm45,0
emilly123,1
zmstkfka12,1
lolmdr1,0
13bola,0
bijou2012,1
evjdpxagf7,1
admin123,1
shakes@000webhost,2
wilian123,1
tksURwTM2Ng8Clsi,2
mpompo1,0
sukkur1,0
lizndina1,1
menti12061995,1
ekfqrga627,1
kb6188,0
ca±amo,0
pauramos06,1
y75oak7b,1
asoze777,1
darktime66,1
stk605tcnl,1
zcb1314520zxr.,2
1vikaspoon,1
uwzqoli4bce9,1
225arysorIgEKa,2
NEw5g2zM4OQQimNV,2
juzako131,1
ze6326326,1
10Elgei1ygybpw,2
ureqis557,1
qwe000,0
yesenia52,1
uxabeqo309,1
idyi5qc,0
rwxhzyn4,1
mortada7,1
kn217579,1
123963rio,1
before1go,1
nzzvfg7i9p,1
born1988,1
cacamania12,1
lizbeth12,1
dausakalys22,1
lolems1,0
nhrfkv2s12,1
358gohappy,1
25sz4a1i,1
taogamma21,1
gypz6526317,1
nppn1cg31nza,1
14sp2001,1
jrj7tst383lv,1
espinosa81,1
ichi7503,1
yamiburgo1,1
840GOBusEzeniwO,2
panama3,0
56985632gs,1
zuryvu986,1
jaciara25,1
forfun0411,1
1h6p8p9d,1
babyagie550,1
oti38289191,1
jhdd2hHg_js4dhj,2
pengjing10,1
1bismillah,1
b0ll0ck5,1
a8082855,1
MEXICO98,1
whsatou0509,1
komrsrmr16,1
4seclick8,1
vuwuv378,1
spinelsun611,1
tokattokat32,1
rUPV0njA5MQeXFbU,2
am221127,1
F48DdVDU1MgGEakE,2
duteje496,1
maylos2012,1
judson1833,1
reanimat68,1
nynbdj9,0
moocowmoo1,1
dexter708,1
kimybava10,1
9304218679a,1
rahmancru1,1
17162321svk,1
080372bca,1
markyn46,1
olina1996,1
oheho997,1
bubbles99,1
b3nt3n,0
xamicyg426,1
toronto786,1
zgm000,0
gayvokr032,1
wqrsfkm3,1
laxaby362,1
jtylpqa95,1
jozeto6141,1
0623754542mk,1
zRRlS7jY3NwewsKP,2
lupin10,0
jasper1992,1
adilali123,1
nlrzejtm597,1
khramova_valentinka0S,2
kiki65,0
xehusi567,1
anyucika01,1
OK3eVUDkyNA64ZD4,2
hanl7ye,0
joesatriani7,1
000webhost4me,1
fcwbhemd0,1
a92389265,1
1presario1,1
marlon1987,1
gatita539543,1
harish123,1
paul95,0
pattimura1,1
08cppnb0,1
cazandra09,1
70z47nqn,1
kuman123,1
crespo3139,1
qwertyp17,1
anklav2012,1
nurcan9852112,1
jawa2122,1
356789afgh,1
zodcjekgh47,1
rajmunt1,1
negra1992,1
m02Nr8DgyNgzscLl,2
haldama708,1
bayside11,1
ikalevo859,1
kmlqrsad2,1
GPMUfUTQ1OQF1mnH,2
4vk3rca,0
maaopingmail1,1
dewa99,0
chams33,0
WN5201314,1
braga4700,1
paolo123456,1
754JIQIrElEWYhO,2
nsfcarbon2,1
dmx000,0
ezyRupiNONY301,2
n0v4mb4lg4m,1
pksidotcom123,1
juan1990,1
sonic97,0
147memduh,1
b5650132,1
wassim1,0
timmagsch1,1
ytalof996,1
nibuxiaode1,1
bymuw830,1
juwal5636,1
1a4ybika6eda4,1
dilgmnkp2,1
matjam321,1
qutoje603,1
sandra2408,1
younis1,0
tami13,0
guruh19,0
kevin0061,1
15idiots,1
markub1,0
28tu0c7pg3ry,1
lisa120881,1
cxwekdup6,1
fadoqem779,1
secreto42,1
k954939993,1
paslaptis21,1
12345jovie,1
sjkds72edsd,1
86818gowa,1
juge12,0
p1qizoz3hwz7,1
rjhetbb87,1
wikev985,1
seatup684,1
1ingoditrust,1
ad456789,1
tdw0dg8,0
rLoRAlzY5NAYKXmP,2
wlwei0405,1
epsonn123,1
kamil9894,1
n9xxc9a,0
pitivier62160,1
gtarocks09,1
jon241182,1
entornos1,1
stara123,1
vishal91,1
amar92,0
mahirap1126,1
RBLIPvDY2NARpQK6,2
jkpazdsv243,1
pointer123,1
24green,0
sicycduff1984,1
chulavista1,1
shagufa8,1
12138053148.mhmt,2
vlad291991,1
20011995ye,1
gshockfriend1,1
kyawthet09,1
dogface0,1
kildar0r1,1
rbsrvb2010,1
eswari1962,1
ot83fbj,0
Danielajudania0109,2
vaggos13remlk,1
u0mESKDQxMAzU0wR,2
sportwear1,1
death1612,1
qumixy898,1
cIYQ58Dc4NAeta10,2
KIDSFORCE88,1
barca9393,1
347gng110,1
97wwenamir97,1
enuno842,1
4571arumsari,1
ZHANG19930210,1
mashina12,1
jessika1203,1
cgupzefkl8,1
breakdeft1190,1
audrey26,1
julioric1,1
732GiLIrUhUmEga,2
asaf77,0
jhd961213,1
emogangster29,1
7r064g080n,1
sskc5fm,0
wo7758521,1
h12x7ax5,1
mktftaf990,1
sachicla1,1
6exx1ha,0
ks036309,1
SobYJIQebyzU798,2
other_77667386,2
3anonas,0
maurice0,1
moofycatm2f,1
mahe141592,1
clmmm5,0
zvcBAbjMwNwJFkh0,2
kevinos07,1
filoux324,1
pwyzz0011,1
ga30032014,1
ygihege222,1
hyrary866,1
jansport015,1
04-Jan,1
erasoc19992,1
bavlass21,1
majtki1,0
mabaho27,1
grant08,0
ma116891,1
portal1229,1
sexman007,1
ana199300,1
komatsu2,1
yosi55,0
cwfgqyl4,1
Zmwt5CzIzMAO9hu1,2
situation1,1
gilasil358,1
qausihz5,1
"!""64~J""bL+^/NGZ$CNfUbE)?Pvapt9""uY7s",2
eieiaung2727,1
rich18,0
199189ham,1
rwMVO0jQzOAdwssT,2
imodig708,1
pippotto1,1
teoketp1467,1
simax399,1
qaplwsok1,1
rmgtheaq326,1
jenegyp439,1
crista19,1
gatito603,1
bane87,0
wsvbexj781,1
mierdas123,1
marakatti55,1
chelsea88,1
zvgejpr38,1
vartoja16,1
sandeep@dangi5786,2
jkcSWKDY4NAlybY8,2
uymvwwz5,1
irina2010,1
myhila528,1
szy419111ll,1
cesio123,1
mauicfp382,1
lho777,0
antuan285,1
2eplihdpue,1
16233pao,1
1OaCKCzgzMAPv2ou,2
ORpYU3DY3OQv7Gjp,2
301743660j,1
popeye0274,1
jaantu25,1
xfire12,0
warri0r,0
hua4623466,1
bf37vOdR3uoa0l,2
1597ROHMER,1
sabrina2000,1
arrow123,1
gh22772277,1
TDC331NI,1
vamezuz156,1
kaps4521,1
viktor91,1
laca14,0
sam111,0
keelan1998,1
30a04b1993,1
polonic17,1
lovyr195,1
gijor408,1
toberich01,1
yqehyzi473,1
noha2521979,1
xicekan215,1
kosarka12,1
roxime236,1
ami3o4e1ot4x,1
excle45678,1
k3s8x6t0,1
10laurel,1
lumajang12,1
faber12,0
chelseafc123,1
m1e9t3z7e1n5,1
heidenlip480,1
regali123,1
nfbdupvc3,1
tiboetb4bi,1
marce45,0
otcubnk41,1
caramelo69,1
7ramarox88,1
madeye2,0
umepiju720,1
elgrone20,1
nbu678ky,1
1592828v,1
erazor3,0
guuh14,0
ejatigo296,1
parkash1,1
598OVIxEjYGeve,2
krusty123,1
iamrock8891,1
05354662749y,1
494jk866,1
JfNdlIDQwMAe6vFm,2
845182salta,1
sanjida123,1
zainkhan11,1
borja2004,1
8RwGr7TIzNQzncwJ,2
chico18,0
a154062639,1
mumbaict1,1
adrian222,1
jgene2000,1
juanes5387,1
021iLuGoxYxAFu,2
V37VH3A07,1
ikadragon9,1
pa5nan,0
aw34rtgvcxz,1
d6u1y7xj,1
odemify873,1
dasfpqm0,1
1607a1607a,1
j767m56izojac,1
subject17,1
redleak81,1
ezizax147,1
IvmZEbDY5NAH57Wm,2
vman81,0
wvji730326,1
reuben1234,1
anit1213,1
34929144tino,1
nbaknin23,1
polska111,1
dedorox123,1
bl0oYnzA2NwRkNI7,2
12345678abc,1
zlsjgayd4,1
w0e0b01231,1
gemfkoav76,1
k9i745d4,1
x1wrw29bw1ojh,1
saifur34,1
eqiyabm41,1
p5Wr4JjU2NALXlkE,2
030495joaquim,1
89dragon74,1
Realmadrida052992.,2
onyvio7,0
my914258,1
k@t21219039126,2
lyrica321,1
morldimal49,1
martonlle123,1
qazqaz1,0
woainizhu1,1
p0l867i9q,1
njikam2011,1
kanika007,1
pierre6,0
futbol101,1
gUTUcaLyZIf460,2
SbWYbpTMyNQG8pYn,2
nihtsvxu16,1
gestion01,1
mikrolet18,1
ITf9t2zY3MA6Q4o7,2
karen123188,1
aytelin09,1
gskumar1,1
vihefu519,1
r3h5j8n2,1
hlzpvgs73,1
880810jevd,1
dino1992,1
sema36,0
marianne123,1
juststopit3,1
085EQagEDOrYmip,2
LENOVOG460,1
mlfc1990,1
unkfvdqr8,1
webhosting123,1
katya.bendlina3Q,2
ortho123,1
komaxan4ik,1
yankees14,1
lEaLdXTk1Ngzlwts,2
mama11,0
lustro1,0
ajirpe8,0
dfXe9kTkwNQsxfdx,2
marie14022010,1
pollo13,0
kadri1914,1
codigo 14,1
loveyou143,1
19861986a,1
youtube93,1
spfiugw96,1
sebabravo12,1
zantetk1,1
ziedass1,1
glauber16,1
15051505a,1
lupher1995,1
zashto550,1
vugene451,1
zeus86,0
suarez1100,1
knowac1771,1
agrim2874,1
platte0,0
f5f5p9md,1
svkpeto123456,1
xiahuadong123,1
nurlan.maksutov18091994,2
bonner444,1
interzet007,1
fenixman23,1
katyt3amo,1
allmage46,1
7758521love,1
574nkgokil,1
rulez1,0
h5436745,1
ts821011,1
laker1031,1
maddy1234,1
num55num,1
26022602dl,1
1QA2WS3ED,1
GONZALO86,1
hYdnUsTAzOAnv4ty,2
254teXYFEtaHUdA,2
c8k4sETc0MAv39Gx,2
baseball5,1
doxt03o,0
shihan123,1
viktoria94,1
stars13,0
TAO1122wanqiong,2
l1nnauck,1
shyamsweets10,1
kaka41,0
dy9oH5zc3NgVhvaU,2
caesar4595,1
pormang553,1
ulynyb742,1
lkaoE1DQ5MQzDeKO,2
bekiaris1986,1
AThNJkTAxNQs46Ju,2
wieuiu4,0
Blackberrys123,2
sotylys366,1
wilhanyawin8,1
9acdfgghii,1
FQWXVKDk1OAgiI42,2
fetish661,1
cbo23n,0
ecyvy272,1
928lgg7k,1
igorduda90,1
050505kaan,1
kanyce0091,1
love1990,1
r4iz7lx,0
h2bgmcnop,1
zao007,0
a25292529,1
grupodos2,1
gusty88,0
bdjp3576,1
wuzhaofeng1998-,2
311297born,1
f985652433,1
Et9ow2zMxNQWRdcb,2
ixo2o74pod,1
sawal123,1
usozapo265,1
7UwkcdTcxOQCUFhl,2
nfisqpwlu40,1
greb492259,1
PDK1LODYyMQCozTO,2
mikovur631,1
9wsvn7bp,1
bbbbb1,0
volkanoya7,1
jicumic110,1
tujwfds83,1
serveder65,1
zi19541106,1
jeni1jana2,1
website666,1
pedrowow13,1
xenon127,1
rosibozza2,1
x7rz9a,0
juishan20a,1
gs54525658,1
uweqoxs85,1
cristian4,1
10windway,1
jqcfmuy67,1
vina21,0
qwerty1234567,1
123(teamomibb),2
RSSWUJ7NW37,1
icjakeub79,1
margarita.94.17,2
a3Q1w9TczMwOpADH,2
almirante-2009,2
malxazi55,1
haldon2509,1
X2VTn6ooY7gj59,2
2152585marko,1
jiamkervz123,1
hemmddy2k9,1
molela10,1
artmis1981,1
jezafut399,1
ygy335,0
ponga0310,1
2110olik,1
88870200ja,1
kwan97881950,1
pacare6,0
0finegm7t,1
victor100,1
BYFiCYPOHEG599,2
senmic9,0
226600aa,1
123456gul,1
123alppici123,1
mats17,0
geeta86,0
duhafaw951,1
pawetu382,1
dmplbd5,0
4456899bcc,1
zapicheri3,1
qwer63238,1
zt19991101,1
21065vhvg,1
ECeGeBiROMaL112,2
18856x,0
qS1jcvDMxNAkvjz7,2
morof129,1
neto513578,1
zjydnz123,1
wormhole7,1
aduday112897,1
ptmxynhe854,1
giwyz971,1
kotenko1990,1
aa914926471,1
6153774rg,1
7l55me9qs7yp,1
bandit1,0
qhzfkajvn9,1
wino12,0
ka1997le,1
kipxsdtvion4,1
19632620mary,1
cJCYUHjkyNww1Jf9,2
binyxi292,1
465321288qq,1
YfUjYmOREgu215,2
kbs7colq11,1
pang96,0
08071gg5,1
1988n17mei,1
bena140793,1
1loveu,0
wap2wap,0
RhbN2XjM2NQzPvsM,2
00000000010h,1
opidado642,1
kimyteh338,1
victoria93,1
ryacbzr2,1
wizard6574,1
yxelyr583,1
rBQ0L7TYxNADZ0H6,2
1ranafdeca,1
de5533602,1
poweriop9587,1
519548054dxp,1
pimola123,1
bbb223,0
8caractere,1
xyzit375,1
cjfnrl01,1
arifullah123,1
LDf67DDM0OQL5oQI,2
natacion87,1
mjadirluxor21,1
3978620br,1
blackmore12,1
forever03,1
21121989basis@$,2
phlox21,0
mason14,0
whqlzy0006,1
drmno1,0
smaugue2,1
lohan34,0
tmb3twov,1
ping75,0
sabres11,1
336902amau,1
bambang018,1
mycwmygh5,1
H9pBclDM0OQYxSxV,2
alexorminh1,1
UmEGAjULAlOs364,2
hyekyo1,0
qoqava001,1
yamaha2837,1
d3d3d3,0
xeqo2m4,0
4gwbnwp,0
x1z7k03aj,1
golovaha-stela3X,2
wd0mabne,1
5YkFdfDQ1NwS0a4y,2
ad518418,1
kaxa898220685,1
wagner123789,1
08NM0yDAxNgVFYKx,2
paquito01,1
p4yun9,0
88483598a,1
1GMY1oTg5Mwwzvoc,2
2XIpCjzA0MgEo1ky,2
titur647,1
qtdxwu2,0
zacuqas776,1
canon400d,1
lLHBGrDQ0MgRFu06,2
memup270696,1
S122545997,1
deden7,0
wallace35,1
gyseca103,1
ovunak936,1
aa8968071,1
mylovein2020,1
picapal013,1
mike75,0
yujzvFTIxNAKkG2Q,2
Vinayak_Kulkarni12345,2
pucyomdg701,1
wilson1282,1
326609MILAD32,1
ygiwap831,1
seksenesek1,1
gameadmin1,1
6keudk2,0
rojyc483,1
ajadil201,1
jxp7riTAzNgHrFsG,2
zlotedonaty3,1
makari5,0
j25079511,1
znx000,0
cR4jPqjY4OAqcQMk,2
chen86346027,1
fireball123,1
kohout666,1
gr1993,0
9876063063k,1
yasinhacker1,1
ftper388,1
lqwumb6,0
IZdNV2DYzNg6MoL0,2
111168m,0
martin0991,1
matt130386,1
soner1234,1
ez7k8yuv,1
mylene1234,1
enero13,0
rapers6690,1
dangsh2n,1
mannheim07,1
hpqkrjfez59,1
proba86,0
nienawidze0,1
newbiepcbs123,1
bpAK1KDUxMw4GER0,2
bogdan023,1
yngwie123,1
astra41,0
rhenking0302,1
ysoxavo997,1
sstxicuc6040,1
eftazljh08,1
yj8ZhAzY2OAr3syw,2
clqaeht68,1
a55667788,1
ldozpsTEwNQLPOS3,2
pialedco493,1
LOL6LOL,0
gedyn30,0
sandhu315,1
535375586g,1
skinek13,1
QMbdkiTg1NgPX7sX,2
elizap1,0
marysexy66@outlook.com,2
ellis14,0
isnlpekdv1,1
njuska0,0
W8cbdqsjh32fqQog,2
321v123v,1
under2323,1
kollins123,1
3028946unx,1
lahli7,0
lbCXixDg0Nw8kQLW,2
blackhawk3,1
jurumuleho1,1
seanbanks23,1
341400zfc,1
rammma17,1
oquvafi308,1
de3fr4,0
lopes2014,1
vcphu71,0
wallter98,1
juanvi123,1
6l6qjyotf,1
89271283429a,1
oktan12,0
topis2010,1
MARVIN1.RiosS.login.237,2
arlinda1,1
yusuf447799,1
nadine1564,1
2512woswasi,1
pablov10,1
nichiren123,1
amgtd2ah67,1
comprez28,1
chaparra5,1
yanzinho14789,1
ylqgudan981,1
11021989a,1
moritz123,1
lagacela10,1
147147mm,1
se1ryuu,0
xdeanv309,1
5esyhud,0
jevewy920,1
plauen78,1
atatat123432,1
2yildiz5,1
konabike1,1
chevi1rest,1
bIs10MDAyMwxTHDF,2
rpdytmql8,1
vegopbzu32,1
gariban2,1
abarag14,1
marn1984,1
salame1,0
47G22t02Z0ZG1t,2
fpbmwyqtr6,1
ju27066587,1
locuras33,1
bsmvekzh6,1
IjF0Z5jIxMA8CpbF,2
wasja123,1
meniks888,1
casa4180,1
29221311wenhu,1
25458317p,1
IUI3SDzQxMgglJHE,2
kjfbiaqdc416,1
6gPaPsDUzNACPZab,2
hgodxpiz78,1
t233455667,1
tuba12345,1
nekyf669,1
mont19,0
d915admin,1
q2f9vec8,1
nosotros02,1
cimari696,1
dilan26,0
bl4ckp34rl,1
waleed1,0
jbngaming1,1
boli2001,1
u4ik2haze,1
paolo1995,1
penguin22,1
markginnel11,1
chucho12,1
wecokov464,1
jiludos335,1
trent1030,1
cristelmary19,1
alic24,0
earth59,0
B0fyV0DIzNQ9aZV3,2
ubanigu304,1
b13jooj92757,1
muratbodur1,1
luku2r4a,1
sergej1,0
a55goblin,1
silas1995,1
dx6201882,1
cakejym405,1
imboo0,0
penchev81,1
ka1la2mu3,1
demo66rj,1
bal001992,1
nnz3qtsj,1
parag08,0
cathy19,0
Thekingisonlyone1,2
asdfg321,1
obyrini652,1
booger81,1
koronamu1013,1
0b6dmqh3,1
e4thpr3xx6kk,1
yraneve142,1
zkealsh763,1
afanop737,1
devon3,0
jikyzej714,1
gTYuuQvMFyXg7UiU,2
pavi3005,1
ILMA220142,1
94682401kc,1
rffk3ey,0
winks451980,1
mdiswbk509,1
nhs7s8kr,1
efade242,1
iDIJJMTI4NQnP8qm,2
XUygXMTA5OQ13sTq,2
ex6k6wp,0
jubilados1,1
nvjrhwkpy756,1
22891leo,1
400813mc,1
bioshock2,1
abramz123,1
crackers123,1
pytydyf205,1
vnxu2akj,1
trip2689,1
gomovag430,1
kaligula3,1
rafandra12,1
desamu45,1
titian22,1
fakeid321,1
mj150185,1
13101991n,1
nrxicdm394,1
k6rzysiek6,1
agls606460,1
9Qxi6VDk2OAxhSh4,2
istealer12,1
nnn123456789,1
rpegwcuf430,1
bobometal80,1
tumadre22,1
AI CARAMBA!!,1
O1trjTDY5OAdL6Ok,2
genepob453,1
elias1981,1
joybelle79,1
qomihiqa5,1
1rSOO95Xqr20wX,2
bas4ever,1
a1990239,1
kasun4,0
weerachai1234,1
0uoj0dv,0
WhqV7JDY0MwbzLPm,2
OqUWoKEGYsO134,2
cool2bite,1
wkdbult32,1
7power7,0
eflgcvt9,1
dream80,0
arwouiegk70,1
angelica14,1
minion11,1
saj65say,1
qosipment3,1
efes11,0
000pagina,1
borahe431,1
X5EJcETE2NwvKVa6,2
itosa488,1
lanc3l0t,1
gatto98,0
xx2020xx,1
dejae2386,1
swing1,0
qylxoapne67,1
KyXup7jY2MALljez,2
zzea0ma,0
qfvo4x9f,1
RnrC0oDkzNw7w4wX,2
m8e85osr,1
brain204,1
7654321fierro,1
7280moimfo,1
wazzupmen123,1
whS9YBDA0MAQCyS2,2
predazzo9999,1
2e8udefhi8,1
machupichu5,1
tictac485,1
hcxQVUTA2Nw4Jmzl,2
profit51532,1
kromar123,1
clave.webhost637,2
qcudzj5,0
zfzd71l,0
kitcat1,0
blowed420,1
detalle44,1
mywebsite123,1
pothuganti12,1
adadadad991,1
wmm4cg8n1,1
1dwa3cztery5,1
l4e2JozEwMgyQ28M,2
iusfpjlxa1,1
fonary486,1
awtsnozi02,1
bumbum007,1
622310ab,1
z9aacdddee,1
arana1625,1
copulate22,1
yanettcb7,1
negro4834,1
rejean24,1
asdqe12,0
bekine972,1
ramona1,0
lx49864836,1
virgo1994,1
mirazy397,1
gijacog862,1
emre2899,1
namaku123,1
anzar15,0
RAIJYEA5C8yOv6,2
amdj5a9,0
3blindmice,1
tmntrocks9,1
dory98,0
esponja22,1
ghh334024,1
LxQzFgjI3MgLQt5d,2
zblhero886,1
lalaila1,1
me61aja,0
xchen123,1
wqj02033235,1
69sanosuke,1
catriel28,1
hybosr12,1
dhifvmr197,1
LALNAT2410,1
ojoti546,1
nqvhysob62,1
643279864f,1
pdmcrew015,1
inderjit1,1
01829-pt/559445,2
najuierb0,1
tecnico2014,1
amt5a9a,0
mertus54,1
sunny143,1
g469559870,1
arsenal17,1
axlrose123,1
clifford88,1
aslpls1992,1
pentium80,1
patososo2012,1
sf2004824,1
marco90,0
jebekk1,0
akosi091692,1
santillana22,1
B123456B,1
congcong83,1
pufum377,1
1     2,0
usvabxwkc23,1
jeremias18,1
comet1,0
baluga2011,1
a01551301301,1
vpyqetm20,1
pa112362,1
vutupe425,1
deo63ab83,1
pajxzej9vb,1
101890gsj,1
kustaa1,0
jmvm59,0
minas000,1
exaropa484,1
bumikapuas1,1
auju16,0
susamad123,1
19950628yh,1
otyx75h,0
harris123,1
yudi2000,1
526540kirill,1
ElOLEQofIdu312,2
hamani123kdd,1
2011493124ma,1
platina1,1
euposso1,1
mcevoxlhn72,1
ZljxXSDg2OAHjTXc,2
motorola07,1
w7pv373g,1
3zxfmughrd3b,1
485123789a,1
jexyzeq867,1
feitor2000,1
saske-naruto,1
chala29,0
marley98,1
jfzrvvg1u5,1
ey41ipp,0
mam1ron1,1
ralipsil1,1
ninja2001,1
kasu2win,1
4ernika,0
jhoidhan0107,1
LEw43PTI2MA3uH9x,2
w3G0A1o350o481,2
vivaldi11,1
vimal3,0
kirby155888,1
1hj2mLDcwMgpStXS,2
luppe1981,1
prince26,1
baher1,0
leliukass2,1
VbuvmOzQyOAU5Ud2,2
afowyn136,1
kiashir1,1
suwzlvo6,1
2312grimerud,1
maroc617,1
yw21811510,1
deadsy666,1
loriys3842414,1
julmen6996,1
albarraq1970,1
vzgona53,1
web3web,0
vhyjxh9,0
nehalem90,1
fonoqaq775,1
r7EZVHDgyOQ3jXP5,2
ludusij859,1
grupos433,1
qazzaq111,1
tgcqveydz0,1
xopyr881,1
facebook01,1
longas22,1
merryweb09,1
123456mikela,1
baljeat1,1
maria2012,1
ph5hrp4jlj,1
ganteng01,1
rdu84tjljglr,1
05satpol,1
qodkpnsb21,1
thach1,0
manutd12,1
voiture02,1
3025056vi,1
meke96,0
2m6w9g0m,1
LODT8sjA5MQHQMfv,2
tate159357,1
jdSu5lTc0MAgWEsj,2
zozo9899,1
giedrius1,1
khoatung137,1
g904S3jE5MwdWWsz,2
gjen45fd,1
tlpwrij450,1
zechip7,0
P@ssw0rd9024067653,2
utL-EQg-6nb-t64,2
keyboard21,1
ashwjrxu267,1
zkqwpdels6,1
kYMeKEQYPEL173,2
baldagueva-klara2J,2
08freedom,1
babyfaf833,1
edder123,1
manholes61,1
ifspvo3,0
a87066374,1
qq219741,1
Alexandre1596123,2
kuziwe404,1
v7oi4ie,0
larage88,1
pelon1989,1
yosh2159,1
trvldqbc6,1
svnhrbjI1OAtZpq2,2
mert18,0
m4m4se,0
juanfe1997,1
av!!!@@@,1
menel1,0
14deagosto,1
VERY1111,1
xxyz11223,1
hoihallo6,1
temukatemo1,1
054457033s,1
VERDERON1,1
master1982,1
dogs2cats,1
termo2010,1
3neneng,0
xfwebmg42,1
47629188Y,1
diamonds08,1
c0metin,0
neovo21,0
killthemall1,1
157bette,1
hatso1,0
coffee2go,1
yZAbEpoJOGIp825,2
PUZk2uDAxNAbknfM,2
cbzcnab943,1
yfymade891,1
yudhy1975,1
nihol1495,1
gavhempi4,1
rlf271068,1
hunter2499,1
ath21,0
123natale,1
azerty41,1
decimela9,1
ecucor180,1
X85GT4jkwMwICRRw,2
moroni123,1
jrdrg1997,1
chebaboy1,1
wk7z1tws,1
quantenk99,1
J44234813,1
EfaqyBIhivI865,2
xalil239,1
ifzatojx09,1
vixowu756,1
123del123,1
botosanu00,1
fYlyqQjQ2NA7nHsG,2
8834saude,1
sanjeewa123,1
kk4e1oo,0
6710919yl,1
siham1,0
081286tep,1
paulaner5,1
9mcm3jh,0
qPF9JRTU2OA1AUeG,2
ma1369.08.05ni,2
japura123,1
iexmsbaz720,1
watering90,1
waldorf312,1
winegrad099,1
dhanu0509,1
nv04AUzczNAkftG2,2
ieamctdv49,1
satriafu150cc^^,2
saecwuh74,1
3752sendo,1
loretta2000,1
kappa123,1
n0883311652,1
madura6581,1
e7y8ece5emas7,1
3UfQelTE2MQQqY0u,2
lokodj66,1
jarycisa8,1
cerrigydrudion1981G,2
qq1696975345,1
5408896a,1
cegameep2,1
joomla4ever,1
panashop727,1
hvnsfwry759,1
wirajaya123,1
ebazi736,1
sx5124as,1
russia2000,1
fosamyj928,1
YxnVm0zkwNAlOU4Z,2
mariajose123,1
secret77,1
unswagati2,1
+090995+,1
frankford3,1
h1h1u1,0
5lv4y1q0,1
pn8f9q3t,1
semrab17,1
5V7bWkzQxNAPVBzI,2
irok99,0
criptografia@,1
aocean0130,1
ruxan443,1
josue01,0
lucas68,0
14477887354y,1
bogf6ylw1,1
n4usuresh,1
7cjexnm2,1
vusal85,0
zambrana12,1
BanhCuonHoa12#,2
king0204,1
rawahah1,1
8193210mkl80,1
mirjana66,1
vmv7J8DQ3NAhOhuL,2
armenta13,1
whcmn362428,1
niral646,1
239315arif,1
heire1425,1
ikmdpbcjhe1,1
WL1982OR,1
ovoqo872,1
egaral119829,1
159jose753,1
sdshsahg6772,1
awany451,1
king7430,1
red5555,0
ANYtYSiKiSU051,2
q8p9qum,0
w6cJfgzYyNghkOmJ,2
gjpudkq1,1
obifub523,1
deeplove2,1
eqajyky510,1
heaven11,1
tuan91,0
123321852s,1
eunossss1977,1
sgwq04q,0
6a00rogi4az,1
orkuthome123,1
d7q5pxzg,1
m0nt0ya,0
Krzysiek32pol223q1,2
dexter5,0
eIVrsDTE1Nwbvje2,2
audito2009,1
qw28GXDA2OQqYgP6,2
antony2,0
Co6hXvDgwOQwKIDy,2
jagefy742,1
L0pmsHzIzNAgMnF4,2
leceh4,0
nafepu502,1
leandra007,1
tarzan1,0
rylcidq69,1
ventilador1,1
wawaw5,0
piw3q867,1
yalznpt8,1
gonzax405,1
w638705452,1
03-Oct-89,1
ygybo369,1
fgest325as,1
O2Pgw6jQwMQ51K8C,2
43725038z,1
Ci9uFUjExMAuXcxu,2
edekodi673,1
e1bokqo7t9,1
tv9999,0
khan92,0
nwhfzda3,1
ZLEBsyjMwMQ1XjGv,2
b165974sj,1
eteam1337,1
lyfidyw848,1
kaci12,0
palestina123,1
ngchuan123,1
fenche29,1
UjAsoCYnuNyb268,2
mkav3343,1
DIGIWORLD1,1
pass090787,1
f344d25c,1
cilukba123,1
sexta1,0
m57855716m,1
florin2014,1
perilla39,1
wewymoza13,1
etkobpsnd2,1
EkYTOVyhoNe593,2
life97,0
enoJaGoxuPe005,2
wolfer123,1
wewontdie88,1
o8ywhvnm,1
akogy545,1
A57648310,1
endinako!@#$%,1
mercyme10,1
yxofeci745,1
letmein2010,1
neoplus77,1
zanizar39,1
mau260395,1
olakease18,1
janusaima75,1
lilsk8grl,1
ploughmen1988C,2
teaw7roe,1
andre92,0
sinucigasu108,1
itsmylife123,1
lufuko318,1
onyqy259,1
10ehor5vigo,1
pablo7,0
mate2003,1
dandy18,0
localhost123,1
cngz14,0
marin551997,1
minor7,0
123123123abc,1
alberto1999,1
palopo2013,1
n8e8300x,1
jytezos919,1
khan31186,1
voldemar13,1
YXEvEleqemO614,2
kidnati312,1
godsfather.,1
qkrwnl123,1
biosclave123,1
lqrs15d7,1
emrose18,1
bader88,0
jir51am,0
ejeruhe639,1
orejahu324,1
qazwsx13,1
vdttdv59,1
dchfqsnaw3,1
diazpac1234,1
wdnvumf375,1
bouqui55,1
antep1299,1
samardziev1987!,2
pasable01,1
deano999,1
12sensy34,1
ulyju352,1
antique74,1
sport2803,1
crew89,0
CWXQNiTk2MA5KbeA,2
leaftea1,1
mantux1,0
100mirrors,1
xbnni0e,0
1234simon,1
es-esstyle,1
strong3000,1
bigbox777,1
nana82,0
uosl39a,0
purouv0,0
elo69k68,1
uan1ha716,1
matejko13,1
paolachi1,1
020192pb,1
dect2157,1
QWERKaelani04032014,2
23sitipisces,1
Maythe4thbeiwthyou1,2
k64ORyzE5NwAkgZE,2
borabora33x,1
qwesza123,1
m2tnxy,0
742c404f2e,1
rxJRbejEwMADOsJ4,2
alberto90,1
ecviti8,0
qwertyytrewq1,1
6106648m,1
printf1017,1
dancee12,1
camara12,1
boat4142,1
QJMLgUjI2MwoA9zb,2
jovelyn20,1
sndjvzoht014,1
teryv222,1
p3nl3ych4n,1
0SwN6ajQwNAcKGdc,2
jajec17,0
z1a9k9a5,1
c33b0ak8,1
pakistan1987,1
marjan1,0
GreenDayrock123,2
laser7,0
lovely1262,1
krasnoevma1,1
chester1986,1
georgians1,1
eteso765,1
b304na7a,1
copiado11,1
FLASH10,0
alice3116,1
pizdamati01,1
112930vv,1
1d70f94d74,1
caballos26,1
25260612pm,1
qiqj4t3,0
lzqxtfab4,1
20082009k,1
tlja8hjmlvd,1
banty9649,1
yingcheng818,1
manyak0,0
skybridge97,1
9ET2KKDQ2Nghg5Ry,2
oussama007,1
beleketeks99,1
masud123,1
acS4tEngDgFPv5yR8j9c,2
merry6,0
wk19881234,1
ciwiwiq891,1
foucault1,1
jotitos01,1
a27071975,1
makaka1,0
858uMuREvuDoNUn,2
jes1u2s,0
wiess61,0
orifoje101,1
11693jmsd,1
fqo2sy4,0
11polo,0
F9X43KzYzNAy3iie,2
gmcl0th,0
a98y493c,1
4536628k,1
1234535izmir,1
yxohu759,1
v1r1x12iss5t,1
IWgXz6TcxNQJd6TE,2
777aapjes,1
L3b7hqDM4MQ2Y4BR,2
boybkk1976,1
janadri7875,1
5899598paul,1
p14253678,1
sex0000,0
thescravtox2,1
hero63,0
YNiKyFYreso270,2
bhaBrisbaneSean0911,2
hbIIAgDQ0MABKw7e,2
22-Oct,1
122088xq,1
nwfi0ex,0
rufatu654,1
ben081332,1
21107695258a,1
bristinger123,1
10lord,0
vijaykr8,1
usicgeb1,1
gutinho01,1
rqpgcloz48,1
wasimwasim2,1
m_zeldo!!!!calme-31,2
zila242627,1
sipusu255,1
4876n1o9,1
PE8D4qDI4MwG1Ggr,2
htwlzixv2,1
sebzqtywv786,1
dragonlp1,1
ugudyqe371,1
1990amormp,1
vesogi275,1
b4cQeeTE1NQlTozB,2
54648551ab,1
u394betx,1
R00IFZDMwMQk93EA,2
yvkg1n,0
9156271y,1
ypuju129,1
melong11,1
0wputro0,1
surasa4827,1
facrezy85,1
genesis319,1
NcKDmrTIwNw6Qyvp,2
orufi769,1
apolo5,0
k99999,0
B8teD0TkzOA8OUHs,2
kyogre12,1
myangel231,1
bitung1978,1
mumtaz786,1
arelan2526237,1
birusev468,1
syahputra1990,1
sahagix220,1
deokanem##,1
kayailmu77,1
asia225556,1
yhiruz611,1
a7363258,1
pepe4212691,1
pwxxyzzz1,1
JYimqWjM1MgBPGO9,2
AabBpFTY2MwroqPk,2
56789aabbc,1
orecu821,1
04agustus,1
5kpDbpTcxNgwjgXe,2
monteiro1,1
mZLvFfTI3MQXwoir,2
jhaire1,0
keh1a9u3,1
rescue304,1
86869687a,1
Z8IZCczY1Nw0mm31,2
b1bc7f2a,1
WYMeMSjUwNwk6ji5,2
fuctova12,1
capa610197,1
o6yobe35,1
spaceos09,1
w3203250365,1
tt369369,1
cihuh377,1
abelha123,1
diosyevpc1412,1
3119851mm,1
sisi951229,1
hulys364,1
4j5iqrzQ5MQ0om9q,2
romtim1,0
qiaqia666,1
ebaseh340,1
lorder7,0
mascotas1,1
vdzcobkg860,1
emasan566,1
0922kevin,1
2t9yvumj,1
iqfahgr245,1
abobu718,1
5eti4w4nn4ni,1
xoleukzbs6,1
obgdzxj0,1
098trojan,1
80027623cc,1
mrolimpia1,1
magnum45,1
gastmas1237,1
HEIDI7875,1
MOQafUliPAD280,2
AKLATXZBEAT12,1
baybora23,1
zonder123,1
bagpuss1,1
acero1951,1
metralla1990,1
iqecil725,1
4iavtn,0
0gIXgxDEwMgwyAOA,2
kneqyNjk5MwdysLg,2
FnIAO5DY0MwO9OBr,2
weed77,0
july141979,1
efozep693,1
posenhigh9,1
estopati2,1
atejoy1894,1
vindip2013,1
wGUbHazU4NgBjD2j,2
djtiesto1,1
4ss4g4ff,1
serkan68,1
teucr0,0
cwgkzjn824,1
5letrasrap,1
celumania1,1
marko10,0
3bn3fic,0
a5182424,1
k2gev1012,1
mago63,0
30abril1993,1
lasmasguapas1,1
whycr1,0
leoszdbp6,1
290186kleber,1
eslaquevapa2,1
meson2,0
ulano751,1
01078530ly,1
love992919,1
hDVKYwTcxOAC1AFg,2
1hooligans23,1
704cza38,1
zanisbregze19,1
salverpass123,1
malipo22,1
jaelani84,1
GMCCliyuxuan4088,2
geslo204,1
burak.,0
POjHgyTQ1Nw2Areu,2
senthils25,1
ryw4293870,1
kalovrathi123,1
ndksolghp3,1
iverson81,1
coscorsal0,1
uldell9,0
j9jw953m,1
elesvan12,1
Rshankarvijey1979,2
izina884,1
alera65,0
shorty11,1
tv123456789,1
asda2009,1
yaser97yz,1
javtzb86,1
ytato444,1
weber54,0
zutoj715,1
o94g648a,1
serghdj791202,1
okyfi386,1
cooltool69,1
cjb091208,1
740URUQeJUsAbI,2
wbl125757,1
gamerjung1,1
191984test,1
molly300893,1
cuc4dmd,0
lautaro20,1
veqofa567,1
AdUm3NDEwMAN2LSY,2
chdxlc87,1
c1j62v66,1
faraway2312,1
9aae2e75,1
qxkdczfy73,1
nujydav628,1
ysyrage246,1
liji2860,1
ufidayg98,1
mendoza_0061@yahoo.com,2
7desember,1
laurel1942,1
starz1,0
login23,0
eKJKuJTI5OQVhpir,2
1xaviz,0
defca2,0
zahid--,0
05426191181a,1
xbw8wa2,0
cyzyn566,1
pdamcwu65,1
dresden7,1
salgabar1,1
ff6g0w2d,1
maks93,0
kryzaj16,1
wzf19980603321-,2
oner357ok,1
benquick84,1
yansah23,1
rdvwtxmp502,1
milano09,1
x1Ot18DQ2OQwg41H,2
fcikahpz9,1
YANDd6jEwNgVBye2,2
nakrtcjs419,1
PHOTOshopPRO100,2
waqas12345,1
pr0j3kt,0
kimjeanfuro1,1
bsdpxnzho47,1
sylar13,0
wtqvazsn85,1
madafaka123,1
ttawhai1,1
romac12,0
nhnn971986,1
6GScbETIyOQdYmZr,2
mehrnaz64,1
fgtkmcby1,1
msms0110,1
sh408951938,1
Jan-19,1
tunivys741,1
XsL9SCDU5NwsuEcq,2
wilber123,1
ck185478,1
pazeamor0,1
math42,0
haxypik497,1
148632hhkk,1
nuvadu678,1
19yuziokta,1
wingko775,1
wcq19980502,1
mvh68wo,0
vobafa322,1
thebest12,1
wipuj527,1
ca0hy0tag,1
1ravi23456,1
mjphoa88,1
chmatakov1,1
AZfRYCzM5OAQLjaN,2
lX0zMWjM3MwifFI8,2
thnk2010,1
sYGPB4TE3NwFyFqa,2
y4uwkv6hyu,1
hudc88,0
gizmo20310,1
tonglei123,1
abdou21,0
khang92,0
99jHhrTgyOALy1nn,2
ckur126wfifs8,1
shvedov66,1
saraswathi1,1
guina84,0
flex01,0
123kathy,1
yfaxoby479,1
lennon72,1
netin123,1
juliada79,1
kiki2008,1
channa123,1
nqzxvagd95,1
GREGORY1777,1
ynodo484,1
ganago329,1
211287derisk,1
Slayer651!2@3#4$,2
rythms6,0
9hqu7o23r,1
pur4nt1,0
inwi-ma,0
aoo007,0
reyrey619619,1
x6aa9kzf2,1
ytogymo590,1
a36707279,1
eqipeKaxekY810,2
ehonuki907,1
AUL2H9jgxNgJr9y3,2
ysOOa2zY0OQEBRFl,2
2001ma,0
123komal,1
pai102030,1
2008de,0
biteApple@1983,2
i3nk49ta,1
c43dafeb7e,1
free2011,1
fahyze111,1
wem260691,1
etajusy358,1
GreTongan411!@,2
lorena50,1
plnuiswd789,1
apacun9,0
m1ssion,0
kukycoqe3,1
52feifei,1
W1DbPZzY1OQL1R0z,2
61901616BADAUkat,2
musymi298,1
cavaleiro11,1
Bkpx4IDE1NwTh37u,2
5813386sd,1
a6EzyYzU2MQ0TBps,2
1551991s,1
ful9hdg3,1
1n4004,0
67689598k,1
P0805605572,1
misdanis215,1
wr615809,1
pard18,0
picoko1,0
hostages1,1
yend2pa,0
uhborenl8,1
daf34oe,0
a7304261011a,1
shikamaru1,1
Tgdu8ZzUzMQTCvDN,2
htH4KCTA2MQSiZnD,2
kristyk4k,1
japa456456,1
ilelido650,1
z64124k2,1
b2ss3b,0
ylolar148,1
nhokvn97,1
02-Apr-89,1
jowah877,1
hkbdelp03,1
squarek5,1
webhost93,1
oscare1,0
pbya89,0
wirda28,0
bernardo22,1
7758758a,1
31051992men,1
ne3273490,1
ebavyze148,1
persen1,0
504BmpzE5NwubpU9,2
phm65cw7a,1
zx63426kp8c,1
jxkzescrg819,1
servicepack2,1
delfin321,1
s3j4ht3r4,1
wasiu2me,1
merlin08,1
1aries1,0
gregory98,1
delpiero77,1
quzala970,1
ambambu12345,1
petko93,0
mcfr7890,1
hoanganh12c4,1
frpstq1992,1
19082524wasan,1
abc890806,1
jaimito33,1
laso12,0
bamot322,1
palopo123,1
matluba2013,1
de1313re,1
mories75,1
kathe2798,1
lYHEsczE5Mw2rU7P,2
mamut123,1
op3l0spo,1
4qypg2,0
isivotu457,1
vitavita123,1
1stsite,0
AbYgUsywASaT192,2
69e1bvd4i5f8,1
verita123456,1
nuwoqav543,1
mehdi69,0
orihuela0825,1
ramdan123,1
sujVkHTU2OQHS4IG,2
QZVmSxTQ2Nwy29rM,2
dener10,0
19920631a,1
p222866276,1
car1dog,0
malfoy29,1
93bj0usc,1
bolosek5,1
c900gw9l,1
rommshmit2,1
payaki4134577,1
093UdUnEgYkuXa,2
kapozyfa16,1
e6bsaqg,0
formula23,1
LjMOSeTkyMg75xWv,2
vyovn2ev,1
catafroskis1,1
XAMw9tTQzMALIRQt,2
Juliancamilo3177756482,2
nfrf8cr0,1
9ZZUFyjcyNQ3eBo6,2
hy1977,0
tigger03,1
110eskan,1
19841984sex,1
downhill12,1
mongomery2007,1
mayi75free,1
hunter1993,1
16226aa12e,1
diden13127,1
pikur901,1
162304jun,1
moon84265,1
cy-yan,0
emibymo788,1
ul4ul4,0
65eDSmzk2OQzSC6I,2
ndqlrtp63,1
nyx830915,1
gameboy777,1
bird1220,1
temiped153,1
rcgoeyau6,1
Raaj01715030123,2
YE3blwTA4NQHfl6f,2
passeport9,1
mVPohLTUyOAM6SQP,2
pw4300,0
033iZEkewEsutO,2
whatfuckhack8,1
qayxcde159,1
016kij9u,1
mahmuda690,1
perkule666,1
31011997k,1
escudo23,1
tallerescapo1,1
a88RqcZeHyCC4Y9EI6EW,2
pc1987417,1
tradgan1,1
o7710684,1
glycan1224,1
tt6597932,1
amanfrom12,1
5551212k,1
vo1108,0
lamonier18,1
olelyse174,1
YlyQudagade132,2
govandis12,1
jomb3lo,0
hostin6,0
sjqcixw58,1
ozslkwax52,1
eclipse007,1
mandark03,1
elcamino3,1
guner74,0
ozan123451991,1
sayf1995,1
vakahewy3,1
losmolino1,1
307402tony,1
kurd2014,1
winxp;,0
yMsgrbTE4MgNytlb,2
eAtpdjjI2NQLve9O,2
ptimar1945,1
fzDF2ejY2MAJRnhn,2
miette94,1
Bb7L4UDIwMgB3JFc,2
metkey1,0
123just5,1
mehdi12345,1
3B4lm5DI5NAPMUDZ,2
22RICARDO,1
memon786,1
djlilpa28,1
hufyqic949,1
purepwner116,1
qewybu169,1
wesow2ow7y,1
arjan2205,1
12281m,0
ruben13,0
abc123pro,1
alejandra1749,1
19860620x,1
pwnpass073,1
magnus33,1
panther75,1
mo0284ra,1
111980mdj,1
fknlxbciz8,1
gfhjkm1,0
marielaa3,1
cscod12,0
miciomiao1,1
BMo6u6DI3NA26vWO,2
Jan-09,1
28202Mkuska1953,2
01737427148k,1
cyrnxjs758,1
yamada1,0
1999gs1905,1
ywL27bDc4MwsgrKy,2
53231323ing,1
joselito13,1
ermion1991,1
aluqi475,1
yiyo12,0
KioONfzgyOQk6SwH,2
55555f,0
osaltava1102,1
fdpnmql9cs34,1
31.170.160.74,1
ilygiwy681,1
DFOZeDDM4NQCW9sF,2
mstuwwxz1,1
gohanex999,1
niceme13,1
yuwrngc421,1
ypG0VsjIyOQTcVBh,2
077985546a,1
ccdn6l50m,1
nnb320,0
BSfiD2zkxNQWyzyr,2
02091997q,1
cilac544,1
ken3221646,1
merapi11,1
nationman123,1
mrangel874213,1
zaq123xsw,1
chihjuacb128,1
FYlqAvzg0OQMAMlq,2
goutom1970,1
1954irioirio,1
yosib1cn,1
guHv8NTQ5NgR30C3,2
kaivan1379,1
ghcih0cwthni,1
xskon12,0
te5pilsa,1
suropati18,1
biqiwiqi3,1
otwesgvxh803,1
1momento,1
cWIDDIjA1MgjQX3H,2
hn7q2vge,1
waro3pe5re4l,1
JfbZ4KDEzMgiCBdq,2
pocyp236,1
ksly1rgc,1
zawuz455,1
clems95,0
12345123456q,1
ucufyw420,1
urmi2110,1
lgOxpvjMyNwpanf9,2
aguila100,1
zyj9901222,1
vijeesh123,1
sicarios2011,1
k1022120,1
dragones89,1
dhj414789,1
kamyon78,1
kazu1234,1
9lvahxv3,1
ozyxyr858,1
reginita01,1
keluarga86,1
kamalakar1,1
yudeafirman1,1
savas1122,1
zyqi91,0
philips123,1
angelus21,1
pIDwOzTkxMAp1wOV,2
xotavu711,1
coCLAozcxMAZLL0D,2
drenthe12345,1
secreta789,1
luboxa155,1
VenmlqTY4MgsQ7uO,2
xolyrane8,1
100dei,0
01qwertz01,1
goFAsUhYwYj801,2
ixoye1,0
taekwondo2,1
0yhrSJzQ4Nw5jNTH,2
123masuk,1
kavuComeFast143,2
gunjan2049,1
bonjour147,1
paperu69,1
ebucyaptf1,1
peanut1993,1
elaine31912,1
minotauras6,1
97chevy,0
pedro0210,1
mega12,0
020709bm,1
black98,0
jyHJdUzE3Mw1Kuny,2
tsukushi!@#$,1
ewusupi737,1
kamiilo95,1
admink13jmstk,1
ru6k4fm03,1
crÚainfo4,1
maxjg1739,1
oGECebYdAwO267,2
marmar220,1
str549866,1
HANDYWAR0001,1
cyqmzougp532,1
rosario123,1
2882a5629,1
ksranawat12,1
dede62110,1
1spanair2,1
qajecu859,1
add119,0
CanalClubMap2012,2
osycuzv46,1
kashinn0test,1
1ODGEiTQ0NQkYxTl,2
tomi75net,1
06.04.2013,1
nhsplv8,0
jesusdavid3387*,2
BOLACHAS2,1
laitas9,0
d4BwR1zkzNALaLbp,2
zainal1991,1
kaci7seren1,1
tpD42cTE5Mgm86ag,2
markyie85,1
theend6571896,1
bichitos4e,1
giulio1980,1
jofaw543,1
17re17re,1
crypto125,1
forever12,1
Dominio08062012,2
cyruto634,1
kpith09,0
Itzales188yuyis,2
74329600gg,1
ChauKingKeung!2#4,2
c7i2nhrc84,1
mxtyzgh093,1
DIaggBDQ2OAmIt1T,2
alaaddin03,1
soP9YLDYxOQ3GhlY,2
8FLlSQDI3NQ265Ty,2
hotspot121,1
rt.15vbng219c4,2
331142paola,1
2c301aaa53,1
847wOWuwANUPAVu,2
jonathan91,1
dods01,0
AAGO01qA32F8q5,2
gmkernbp3,1
g1u1cogy7nu,1
one_piece,1
wantwo34,1
munka52,0
bfrxypt875,1
izafvwldq01,1
672531xdl,1
ymorox120,1
akolatronic1,1
optiplex1985,1
cooojkiyd12,1
arty12,0
josehaccp1,1
cherry10221,1
Hs32q6jgwOQWEOdr,2
mata21,0
S3bfYsDI4NgB7OqL,2
julitros01,1
qacademy123,1
galla1,0
traintr4in,1
vb5v1t,0
us1v5r6qyjo1a,1
o1iver,0
vkvd97,0
cbtis2,0
fetabe768,1
cbbwmkr6,1
150789vova,1
XyXWMqDA3NAcFzcE,2
snake123,1
robbe1502,1
f7ag9tq7,1
1212aa,0
karen2,0
gruvan1448,1
m13345678,1
somera123,1
hackle6,0
tottenham1234,1
saneje495,1
zacreds226888,1
b93x482b,1
QAhuvUQycYB356,2
c0mputer4176,1
123456yedi,1
ofaryj388,1
tsamra1064,1
2axuagxr,1
dobelz1,0
dadaoh2k8,1
kelly21,0
wesam123,1
barcelona28,1
awij4yc,0
fy16ui83,1
vegetable9,1
edinson1625,1
LS12HhTYwNwESx4x,2
wxst55,0
cod6tm,0
martine150302,1
dydska12,1
wilmar777,1
towdtup94,1
j8a9d8e7,1
szyxw0422,1
avyqyf850,1
kill3rs123,1
laravel123,1
kiju77,0
mediaz99,1
kucink36,1
japa12,0
melanie10,1
nsbhsipt12,1
mu±eca,0
hpafmvqjs8,1
xuexiang111,1
v842xjhw81,1
joocool84,1
yanti8590,1
tecatemen1,1
fuck90,0
rem2i0e6,1
h1nnbunw,1
ban211369,1
nightmare@,1
jcmegal25,1
mun3wana,1
juanchy18,1
ivaruse563,1
friends555,1
apx6nayamaha,1
13Ekl23cqovknq,2
dameco2709,1
mexican98,1
seanperez96,1
t1k1ro324uma,1
mecanico1,1
4K1elRDEyMgpnyqj,2
20ads2011,1
c77jkjv3,1
williad2306,1
coba000web,1
rastro.11548125,2
jgc9451261,1
4dece22014,1
tukopev777,1
13266692a,1
viviana26,1
arroba1,0
milkita123,1
1981mistiano,1
fXmop8DM5OAtJz9y,2
ilivenow1,1
emerson2882,1
verho1490,1
betillo87,1
khoda0000,1
nsamma76,1
3q5O1XOrG5A112,2
lamirada2525,1
z7ciwt,0
2015chaos,1
xojia2rypp,1
a14041991,1
woodoo8,0
rucufaf442,1
g0EUmozQ5Mw5CuXJ,2
bsr455255,1
zoved418,1
kothargyi12,1
mevape9,0
jafyl607,1
otong69,0
baqyrASitEHi618,2
inventor7,1
higua2,0
isoni919,1
ktcKsezIyNwmWPS3,2
cd8150132,1
shurawi333,1
3trew3,0
woesje04,1
jules97140,1
QRU4ANjk2MQAy9FE,2
entire123,1
gips1010,1
meltsong1505,1
magic42,0
ZM9199,0
syomkin1,1
PFWADXzAxOA36c6S,2
ocycewu530,1
et8yf2i,0
kilua3345,1
redeye76,1
mlkncrp9,1
FZH59wDAzMQ51o8O,2
esalola82,1
MATHEUS1,1
vseslava.dubinkina0J,2
jhsmtue651,1
puthurjamin2,1
uquvy714,1
spartiat10,1
kojos1,0
lloyd7,0
ehdviak74,1
DEHMEN1283,1
rabindra172,1
197575big,1
59935993dr,1
ejif6ed,0
awogem684,1
milugar21,1
lala19061986,1
123ghjjhg,1
wo6c77n6,1
spazmonkey13,1
12juni,0
josimar77,1
ce94538d,1
10juli,0
oasismen1,1
hykresna2,1
FPa2kBDM2MAog3dC,2
ouss2012,1
killer135,1
grodno100,1
sofia1996,1
p4r4c4id4s,1
ukewyxa264,1
09budabenden-x.,2
xumuming123,1
18122914421ys,1
tozihafe11,1
rsttuy0ac,1
k0mp0r,0
CCQJE2zUxOA3o6fz,2
kty167065,1
diehom9,0
trabzon01,1
kamtueqn49,1
hackward117,1
egzdy6t,0
mgesvkb16,1
prgarg14,1
yulioka191209,1
zjuacgfwy94,1
KELOMPOK12345,1
b6x47t3c,1
monja2014,1
123abc44,1
boatboom456,1
rondesatu1975,1
fromrwl1,1
wirLeeDc4MQrvgCH,2
fased12,0
spaniels1,1
osmankaya9,1
monkey7,0
i07rzYDg2MA12B9B,2
necropsias00,1
35613561a,1
noidau1,0
misiaczek86,1
yuan8539359,1
shubnvi784,1
moumoute35,1
youyiwen.com,1
robinl1,0
kranti85,1
bpeuyrgq54,1
florencia72,1
changeme55,1
jnv240956,1
ba654321,1
Fantasyforever_123,2
kreasi271102,1
JinVB2zEwOA6CzqU,2
x6CSt4jQ1OAQjVax,2
elalex2010,1
thecross777,1
obafemi123,1
natew108,1
05021987xxx@@@,2
merlin88,1
olodoh744,1
yonky1,0
maral147,1
holcid9,0
write55,0
mankan11,1
7889abbbdd,1
kmp854085,1
abanuni759,1
4bachmanning,1
remoambi12,1
q541352784,1
nvrsjfTAxOAo2Xbz,2
2010ucs057,1
7MnpUmjQ3MwIcPwg,2
p4s0mpe3,1
meryland85,1
Q5a16RjI2MQKqX0C,2
luimtswp385,1
valetodo13,1
hacker89,1
RfQHLSjg1MgBrm1S,2
skyway1972,1
mpashrj6,1
cygyx534,1
KM328911052,1
666673serg,1
pass0124,1
vl1411mc,1
jpfuklagn2,1
maulik2021992,1
defensor33,1
reve11,0
kisfaszom1,1
